block,seed,baseline_executed_candidates,facet_executed_candidates,difference_executed_candidates,baseline_unique_trace_digests,facet_unique_trace_digests,difference_unique_trace_digests,baseline_unique_trace_ratio,facet_unique_trace_ratio,difference_unique_trace_ratio,baseline_rare_classes_reached,facet_rare_classes_reached,difference_rare_classes_reached,baseline_raw_model_states,facet_raw_model_states,difference_raw_model_states,baseline_semantic_states,facet_semantic_states,difference_semantic_states,baseline_semantic_transitions,facet_semantic_transitions,difference_semantic_transitions,baseline_unique_model_state_paths,facet_unique_model_state_paths,difference_unique_model_state_paths,baseline_failure_detected,facet_failure_detected,difference_failure_detected,baseline_failure_candidate_ordinal,facet_failure_candidate_ordinal,difference_failure_candidate_ordinal,baseline_queue_exhausted,facet_queue_exhausted
heldout-closed-tree,418473828227667117,50.0,22.0,-28.0,50.0,22.0,-28.0,1.0,1.0,0.0,0.0,0.0,0.0,188.0,119.0,-69.0,185.0,114.0,-71.0,239.0,144.0,-95.0,33.0,17.0,-16.0,0.0,0.0,0.0,129.0,129.0,0.0,True,True
heldout-closed-tree,825097919939804635,64.0,30.0,-34.0,64.0,30.0,-34.0,1.0,1.0,0.0,0.0,0.0,0.0,325.0,153.0,-172.0,277.0,133.0,-144.0,393.0,183.0,-210.0,40.0,18.0,-22.0,0.0,0.0,0.0,129.0,129.0,0.0,False,True
heldout-closed-tree,1032517847817231170,18.0,22.0,4.0,18.0,22.0,4.0,1.0,1.0,0.0,0.0,0.0,0.0,104.0,106.0,2.0,104.0,106.0,2.0,128.0,130.0,2.0,10.0,11.0,1.0,0.0,0.0,0.0,129.0,129.0,0.0,True,True
heldout-closed-tree,1084788547682977977,28.0,30.0,2.0,28.0,30.0,2.0,1.0,1.0,0.0,0.0,0.0,0.0,142.0,145.0,3.0,127.0,129.0,2.0,164.0,173.0,9.0,13.0,16.0,3.0,0.0,0.0,0.0,129.0,129.0,0.0,True,True
heldout-closed-tree,1235846154754625999,64.0,38.0,-26.0,64.0,31.0,-33.0,1.0,0.8157894736842105,-0.1842105263157895,0.0,0.0,0.0,312.0,123.0,-189.0,257.0,116.0,-141.0,372.0,151.0,-221.0,46.0,18.0,-28.0,0.0,0.0,0.0,129.0,129.0,0.0,False,True
heldout-closed-tree,1286863238667992368,30.0,30.0,0.0,30.0,30.0,0.0,1.0,1.0,0.0,0.0,0.0,0.0,126.0,118.0,-8.0,126.0,118.0,-8.0,155.0,147.0,-8.0,20.0,20.0,0.0,0.0,0.0,0.0,129.0,129.0,0.0,True,True
heldout-closed-tree,1730231285957079546,22.0,42.0,20.0,22.0,42.0,20.0,1.0,1.0,0.0,0.0,0.0,0.0,96.0,146.0,50.0,96.0,144.0,48.0,127.0,195.0,68.0,13.0,25.0,12.0,0.0,0.0,0.0,129.0,129.0,0.0,True,True
heldout-closed-tree,3750190362025633128,64.0,24.0,-40.0,64.0,23.0,-41.0,1.0,0.9583333333333334,-0.04166666666666663,0.0,0.0,0.0,383.0,127.0,-256.0,300.0,122.0,-178.0,457.0,159.0,-298.0,48.0,15.0,-33.0,0.0,0.0,0.0,129.0,129.0,0.0,False,True
heldout-closed-tree,3961371642060324897,38.0,50.0,12.0,38.0,50.0,12.0,1.0,1.0,0.0,0.0,0.0,0.0,194.0,206.0,12.0,179.0,186.0,7.0,239.0,260.0,21.0,19.0,26.0,7.0,0.0,0.0,0.0,129.0,129.0,0.0,True,True
heldout-closed-tree,4120408576676485977,44.0,36.0,-8.0,44.0,36.0,-8.0,1.0,1.0,0.0,0.0,0.0,0.0,198.0,147.0,-51.0,179.0,144.0,-35.0,245.0,185.0,-60.0,27.0,18.0,-9.0,0.0,0.0,0.0,129.0,129.0,0.0,True,True
heldout-closed-tree,4384378045862814132,64.0,46.0,-18.0,64.0,42.0,-22.0,1.0,0.9130434782608695,-0.08695652173913049,0.0,0.0,0.0,283.0,134.0,-149.0,260.0,129.0,-131.0,341.0,167.0,-174.0,42.0,27.0,-15.0,0.0,0.0,0.0,129.0,129.0,0.0,False,True
heldout-closed-tree,4936707319672310945,36.0,32.0,-4.0,36.0,32.0,-4.0,1.0,1.0,0.0,0.0,0.0,0.0,251.0,190.0,-61.0,244.0,184.0,-60.0,315.0,237.0,-78.0,22.0,23.0,1.0,0.0,0.0,0.0,129.0,129.0,0.0,True,True
heldout-closed-tree,5552216599351421507,36.0,36.0,0.0,36.0,30.0,-6.0,1.0,0.8333333333333334,-0.16666666666666663,0.0,0.0,0.0,130.0,110.0,-20.0,121.0,107.0,-14.0,157.0,140.0,-17.0,21.0,19.0,-2.0,0.0,0.0,0.0,129.0,129.0,0.0,True,True
heldout-closed-tree,6566132269545533901,32.0,52.0,20.0,32.0,48.0,16.0,1.0,0.9230769230769231,-0.07692307692307687,0.0,0.0,0.0,148.0,216.0,68.0,146.0,210.0,64.0,194.0,287.0,93.0,17.0,30.0,13.0,0.0,0.0,0.0,129.0,129.0,0.0,True,True
heldout-closed-tree,7192736814863423931,40.0,36.0,-4.0,40.0,36.0,-4.0,1.0,1.0,0.0,0.0,0.0,0.0,178.0,142.0,-36.0,175.0,141.0,-34.0,218.0,174.0,-44.0,21.0,20.0,-1.0,0.0,0.0,0.0,129.0,129.0,0.0,True,True
heldout-closed-tree,7480122269411795644,30.0,30.0,0.0,30.0,30.0,0.0,1.0,1.0,0.0,0.0,0.0,0.0,144.0,132.0,-12.0,136.0,129.0,-7.0,177.0,166.0,-11.0,19.0,16.0,-3.0,0.0,0.0,0.0,129.0,129.0,0.0,True,True
heldout-closed-tree,7687411833197131243,64.0,38.0,-26.0,64.0,38.0,-26.0,1.0,1.0,0.0,1.0,0.0,-1.0,477.0,117.0,-360.0,438.0,114.0,-324.0,626.0,148.0,-478.0,47.0,16.0,-31.0,0.0,0.0,0.0,129.0,129.0,0.0,False,True
heldout-closed-tree,8336454817672404382,22.0,48.0,26.0,22.0,45.0,23.0,1.0,0.9375,-0.0625,0.0,0.0,0.0,115.0,229.0,114.0,108.0,208.0,100.0,134.0,265.0,131.0,13.0,26.0,13.0,0.0,0.0,0.0,129.0,129.0,0.0,True,True
heldout-closed-tree,8787426522159646979,58.0,36.0,-22.0,58.0,36.0,-22.0,1.0,1.0,0.0,0.0,0.0,0.0,299.0,219.0,-80.0,275.0,205.0,-70.0,359.0,261.0,-98.0,33.0,21.0,-12.0,0.0,0.0,0.0,129.0,129.0,0.0,True,True
heldout-closed-tree,9054400645830646887,44.0,20.0,-24.0,44.0,20.0,-24.0,1.0,1.0,0.0,0.0,0.0,0.0,255.0,149.0,-106.0,235.0,146.0,-89.0,324.0,185.0,-139.0,24.0,12.0,-12.0,0.0,0.0,0.0,129.0,129.0,0.0,True,True
heldout-neutral-reseed,418473828227667117,128.0,128.0,0.0,128.0,128.0,0.0,1.0,1.0,0.0,0.0,2.0,2.0,486.0,2254.0,1768.0,446.0,1923.0,1477.0,610.0,2705.0,2095.0,82.0,115.0,33.0,0.0,0.0,0.0,129.0,129.0,0.0,False,False
heldout-neutral-reseed,825097919939804635,128.0,128.0,0.0,128.0,128.0,0.0,1.0,1.0,0.0,0.0,0.0,0.0,593.0,1847.0,1254.0,521.0,1590.0,1069.0,741.0,2240.0,1499.0,80.0,106.0,26.0,0.0,0.0,0.0,129.0,129.0,0.0,False,False
heldout-neutral-reseed,1032517847817231170,128.0,128.0,0.0,128.0,128.0,0.0,1.0,1.0,0.0,0.0,0.0,0.0,620.0,1675.0,1055.0,544.0,1430.0,886.0,807.0,1992.0,1185.0,76.0,91.0,15.0,0.0,0.0,0.0,129.0,129.0,0.0,False,False
heldout-neutral-reseed,1084788547682977977,128.0,128.0,0.0,128.0,128.0,0.0,1.0,1.0,0.0,0.0,1.0,1.0,544.0,1863.0,1319.0,442.0,1632.0,1190.0,673.0,2260.0,1587.0,80.0,104.0,24.0,0.0,0.0,0.0,129.0,129.0,0.0,False,False
heldout-neutral-reseed,1235846154754625999,128.0,128.0,0.0,128.0,121.0,-7.0,1.0,0.9453125,-0.0546875,0.0,0.0,0.0,578.0,1407.0,829.0,452.0,1198.0,746.0,681.0,1695.0,1014.0,90.0,89.0,-1.0,0.0,0.0,0.0,129.0,129.0,0.0,False,False
heldout-neutral-reseed,1286863238667992368,128.0,128.0,0.0,128.0,128.0,0.0,1.0,1.0,0.0,0.0,0.0,0.0,1290.0,2059.0,769.0,1005.0,1739.0,734.0,1428.0,2420.0,992.0,96.0,108.0,12.0,0.0,0.0,0.0,129.0,129.0,0.0,False,False
heldout-neutral-reseed,1730231285957079546,128.0,128.0,0.0,128.0,128.0,0.0,1.0,1.0,0.0,0.0,2.0,2.0,747.0,1530.0,783.0,626.0,1301.0,675.0,926.0,1824.0,898.0,80.0,95.0,15.0,0.0,0.0,0.0,129.0,129.0,0.0,False,False
heldout-neutral-reseed,3750190362025633128,128.0,128.0,0.0,128.0,127.0,-1.0,1.0,0.9921875,-0.0078125,0.0,3.0,3.0,611.0,1847.0,1236.0,439.0,1557.0,1118.0,704.0,2169.0,1465.0,84.0,102.0,18.0,0.0,0.0,0.0,129.0,129.0,0.0,False,False
heldout-neutral-reseed,3961371642060324897,128.0,128.0,0.0,128.0,128.0,0.0,1.0,1.0,0.0,0.0,0.0,0.0,803.0,1991.0,1188.0,683.0,1724.0,1041.0,961.0,2424.0,1463.0,72.0,104.0,32.0,0.0,0.0,0.0,129.0,129.0,0.0,False,False
heldout-neutral-reseed,4120408576676485977,128.0,128.0,0.0,128.0,128.0,0.0,1.0,1.0,0.0,0.0,2.0,2.0,665.0,1809.0,1144.0,505.0,1549.0,1044.0,773.0,2181.0,1408.0,77.0,98.0,21.0,0.0,0.0,0.0,129.0,129.0,0.0,False,False
heldout-neutral-reseed,4384378045862814132,128.0,128.0,0.0,128.0,124.0,-4.0,1.0,0.96875,-0.03125,0.0,0.0,0.0,636.0,1387.0,751.0,547.0,1217.0,670.0,749.0,1691.0,942.0,83.0,94.0,11.0,0.0,0.0,0.0,129.0,129.0,0.0,False,False
heldout-neutral-reseed,4936707319672310945,128.0,128.0,0.0,128.0,128.0,0.0,1.0,1.0,0.0,0.0,0.0,0.0,750.0,1931.0,1181.0,673.0,1693.0,1020.0,932.0,2368.0,1436.0,81.0,108.0,27.0,0.0,0.0,0.0,129.0,129.0,0.0,False,False
heldout-neutral-reseed,5552216599351421507,128.0,128.0,0.0,128.0,122.0,-6.0,1.0,0.953125,-0.046875,2.0,0.0,-2.0,922.0,1781.0,859.0,797.0,1568.0,771.0,1092.0,2139.0,1047.0,81.0,105.0,24.0,0.0,0.0,0.0,129.0,129.0,0.0,False,False
heldout-neutral-reseed,6566132269545533901,128.0,128.0,0.0,128.0,124.0,-4.0,1.0,0.96875,-0.03125,0.0,0.0,0.0,641.0,1404.0,763.0,519.0,1236.0,717.0,771.0,1710.0,939.0,73.0,91.0,18.0,0.0,0.0,0.0,129.0,129.0,0.0,False,False
heldout-neutral-reseed,7192736814863423931,128.0,128.0,0.0,128.0,128.0,0.0,1.0,1.0,0.0,0.0,0.0,0.0,670.0,1570.0,900.0,549.0,1387.0,838.0,791.0,1930.0,1139.0,76.0,99.0,23.0,0.0,0.0,0.0,129.0,129.0,0.0,False,False
heldout-neutral-reseed,7480122269411795644,128.0,128.0,0.0,128.0,128.0,0.0,1.0,1.0,0.0,0.0,2.0,2.0,511.0,1687.0,1176.0,453.0,1474.0,1021.0,696.0,2100.0,1404.0,85.0,100.0,15.0,0.0,0.0,0.0,129.0,129.0,0.0,False,False
heldout-neutral-reseed,7687411833197131243,128.0,128.0,0.0,128.0,128.0,0.0,1.0,1.0,0.0,1.0,0.0,-1.0,910.0,1815.0,905.0,765.0,1621.0,856.0,1140.0,2222.0,1082.0,91.0,98.0,7.0,0.0,0.0,0.0,129.0,129.0,0.0,False,False
heldout-neutral-reseed,8336454817672404382,128.0,128.0,0.0,128.0,125.0,-3.0,1.0,0.9765625,-0.0234375,0.0,2.0,2.0,713.0,1758.0,1045.0,605.0,1518.0,913.0,835.0,2100.0,1265.0,79.0,101.0,22.0,0.0,0.0,0.0,129.0,129.0,0.0,False,False
heldout-neutral-reseed,8787426522159646979,128.0,128.0,0.0,128.0,128.0,0.0,1.0,1.0,0.0,0.0,0.0,0.0,766.0,2199.0,1433.0,653.0,1907.0,1254.0,909.0,2677.0,1768.0,78.0,113.0,35.0,0.0,0.0,0.0,129.0,129.0,0.0,False,False
heldout-neutral-reseed,9054400645830646887,128.0,128.0,0.0,128.0,128.0,0.0,1.0,1.0,0.0,0.0,0.0,0.0,773.0,1973.0,1200.0,627.0,1714.0,1087.0,886.0,2400.0,1514.0,73.0,105.0,32.0,0.0,0.0,0.0,129.0,129.0,0.0,False,False
historical-configuration-replication,720001,60.0,44.0,-16.0,60.0,44.0,-16.0,1.0,1.0,0.0,3.0,1.0,-2.0,978.0,661.0,-317.0,834.0,577.0,-257.0,1244.0,860.0,-384.0,45.0,33.0,-12.0,0.0,0.0,0.0,129.0,129.0,0.0,False,True
historical-configuration-replication,720101,38.0,26.0,-12.0,38.0,26.0,-12.0,1.0,1.0,0.0,2.0,3.0,1.0,582.0,777.0,195.0,440.0,609.0,169.0,622.0,868.0,246.0,24.0,22.0,-2.0,0.0,0.0,0.0,129.0,129.0,0.0,True,True
historical-configuration-replication,720201,60.0,40.0,-20.0,60.0,40.0,-20.0,1.0,1.0,0.0,1.0,1.0,0.0,1050.0,795.0,-255.0,924.0,651.0,-273.0,1274.0,875.0,-399.0,38.0,28.0,-10.0,0.0,0.0,0.0,129.0,129.0,0.0,False,True
historical-configuration-replication,720301,60.0,24.0,-36.0,60.0,24.0,-36.0,1.0,1.0,0.0,2.0,1.0,-1.0,1076.0,579.0,-497.0,879.0,492.0,-387.0,1211.0,652.0,-559.0,39.0,18.0,-21.0,0.0,0.0,0.0,129.0,129.0,0.0,False,True
historical-configuration-replication,720401,60.0,60.0,0.0,60.0,60.0,0.0,1.0,1.0,0.0,3.0,2.0,-1.0,1229.0,974.0,-255.0,1090.0,875.0,-215.0,1529.0,1228.0,-301.0,48.0,43.0,-5.0,0.0,0.0,0.0,129.0,129.0,0.0,False,False
historical-configuration-replication,720501,60.0,48.0,-12.0,60.0,48.0,-12.0,1.0,1.0,0.0,1.0,1.0,0.0,1113.0,918.0,-195.0,942.0,783.0,-159.0,1359.0,1115.0,-244.0,45.0,34.0,-11.0,0.0,0.0,0.0,129.0,129.0,0.0,False,True
historical-configuration-replication,720601,60.0,34.0,-26.0,60.0,34.0,-26.0,1.0,1.0,0.0,3.0,1.0,-2.0,1178.0,762.0,-416.0,1052.0,683.0,-369.0,1470.0,925.0,-545.0,51.0,27.0,-24.0,0.0,0.0,0.0,129.0,129.0,0.0,False,True
historical-configuration-replication,720701,60.0,60.0,0.0,60.0,60.0,0.0,1.0,1.0,0.0,1.0,3.0,2.0,546.0,910.0,364.0,499.0,774.0,275.0,729.0,1145.0,416.0,43.0,42.0,-1.0,0.0,0.0,0.0,129.0,129.0,0.0,False,False
historical-configuration-replication,720801,60.0,52.0,-8.0,60.0,52.0,-8.0,1.0,1.0,0.0,1.0,1.0,0.0,1081.0,1087.0,6.0,959.0,900.0,-59.0,1282.0,1241.0,-41.0,43.0,39.0,-4.0,0.0,0.0,0.0,129.0,129.0,0.0,False,True
historical-configuration-replication,720901,48.0,30.0,-18.0,48.0,30.0,-18.0,1.0,1.0,0.0,1.0,0.0,-1.0,747.0,403.0,-344.0,636.0,358.0,-278.0,893.0,529.0,-364.0,31.0,23.0,-8.0,0.0,0.0,0.0,129.0,129.0,0.0,True,True
mutant-snapshot-status-invert,418473828227667117,128.0,128.0,0.0,128.0,128.0,0.0,1.0,1.0,0.0,0.0,0.0,0.0,802.0,1651.0,849.0,692.0,1431.0,739.0,989.0,2004.0,1015.0,78.0,90.0,12.0,0.0,1.0,1.0,129.0,41.0,-88.0,False,False
mutant-snapshot-status-invert,1032517847817231170,128.0,128.0,0.0,128.0,128.0,0.0,1.0,1.0,0.0,0.0,0.0,0.0,777.0,1501.0,724.0,667.0,1267.0,600.0,942.0,1785.0,843.0,90.0,88.0,-2.0,0.0,1.0,1.0,129.0,68.0,-61.0,False,False
mutant-snapshot-status-invert,1084788547682977977,128.0,128.0,0.0,128.0,128.0,0.0,1.0,1.0,0.0,0.0,1.0,1.0,658.0,1330.0,672.0,553.0,1180.0,627.0,852.0,1638.0,786.0,90.0,91.0,1.0,0.0,1.0,1.0,129.0,65.0,-64.0,False,False
mutant-snapshot-status-invert,1286863238667992368,128.0,128.0,0.0,128.0,128.0,0.0,1.0,1.0,0.0,0.0,0.0,0.0,665.0,1680.0,1015.0,585.0,1423.0,838.0,852.0,2004.0,1152.0,78.0,92.0,14.0,1.0,1.0,0.0,3.0,3.0,0.0,False,False
mutant-snapshot-status-invert,1730231285957079546,128.0,128.0,0.0,128.0,128.0,0.0,1.0,1.0,0.0,0.0,0.0,0.0,586.0,1585.0,999.0,526.0,1358.0,832.0,773.0,1926.0,1153.0,90.0,99.0,9.0,1.0,1.0,0.0,3.0,3.0,0.0,False,False
mutant-snapshot-status-invert,4120408576676485977,128.0,128.0,0.0,128.0,128.0,0.0,1.0,1.0,0.0,0.0,2.0,2.0,561.0,1852.0,1291.0,483.0,1585.0,1102.0,745.0,2253.0,1508.0,90.0,100.0,10.0,1.0,1.0,0.0,2.0,2.0,0.0,False,False
mutant-snapshot-status-invert,6566132269545533901,128.0,128.0,0.0,128.0,128.0,0.0,1.0,1.0,0.0,0.0,1.0,1.0,732.0,1609.0,877.0,627.0,1395.0,768.0,905.0,1963.0,1058.0,75.0,96.0,21.0,1.0,1.0,0.0,15.0,9.0,-6.0,False,False
mutant-snapshot-status-invert,7480122269411795644,128.0,128.0,0.0,128.0,128.0,0.0,1.0,1.0,0.0,0.0,2.0,2.0,608.0,1505.0,897.0,528.0,1325.0,797.0,800.0,1882.0,1082.0,83.0,84.0,1.0,1.0,1.0,0.0,5.0,5.0,0.0,False,False
mutant-snapshot-status-invert,8336454817672404382,128.0,128.0,0.0,128.0,128.0,0.0,1.0,1.0,0.0,0.0,0.0,0.0,741.0,1692.0,951.0,638.0,1486.0,848.0,904.0,2064.0,1160.0,80.0,95.0,15.0,1.0,1.0,0.0,5.0,5.0,0.0,False,False
mutant-snapshot-status-invert,9054400645830646887,128.0,128.0,0.0,128.0,128.0,0.0,1.0,1.0,0.0,2.0,0.0,-2.0,835.0,1717.0,882.0,699.0,1439.0,740.0,1020.0,2039.0,1019.0,89.0,98.0,9.0,1.0,1.0,0.0,16.0,76.0,60.0,False,False
